Epoch,Train Loss,Test Loss,Train Time (s)
1,0.30157746321005785,0.27854251688718795,312
2,0.13003038629282007,0.19995056875050068,274
3,0.09257483684705745,0.20730134514719248,256
4,0.07764158683786575,0.21025502825528383,271
5,0.06927628378770191,0.21321175772696732,250
6,0.06400037050801073,0.22312105524539946,248
7,0.05577692229577678,0.22065279365330934,278
