Epoch,Train Loss,Test Loss,Train Time (s)
1,0.17362123120416117,0.19317053804919124,651
2,0.07866056887368118,0.17550571997463704,711
3,0.06437992246990042,0.17717099908739328,449
4,0.05804522273575256,0.18502453968301416,502
5,0.05411748400256163,0.18567742817103863,507
6,0.051372485881247106,0.17919946924597024,507
7,0.04510699448924228,0.19632010271027683,519
