Epoch,Train Loss,Test Loss,Train Time (s)
1,0.22619092860887632,0.22614763858169318,581
2,0.09481198864474437,0.20650438388437034,473
3,0.07453658596244342,0.2081121169179678,470
4,0.0659320891623055,0.21436482466012238,433
5,0.060738325047507286,0.22307537431269883,370
6,0.057418795482405804,0.21780087437480689,399
7,0.05044421174825489,0.22019125857949257,395
