Epoch,Train Loss,Test Loss,Train Time (s)
1,0.18949692065469434,0.2137356047332287,1164
2,0.08073956331648223,0.21051718635484576,1065
3,0.0649353444227646,0.20750655768066645,743
4,0.05806236985532302,0.21654816139116884,557
5,0.05396118989503698,0.22364550353586674,530
6,0.051166984885618154,0.22150145129859447,466
7,0.04921747732127614,0.21067915358394385,454
8,0.043518719883511615,0.21854603772610426,622
