Epoch,Train Loss,Test Loss,Train Time (s)
1,0.24976575558483602,0.23454185611754655,848
2,0.08949497131705283,0.20660369672626258,725
3,0.07028307931572199,0.2033061808794737,601
4,0.06258266206532717,0.2140395342707634,551
5,0.05790829563289881,0.21135709105432032,510
6,0.054756829841434956,0.21545831172913313,382
7,0.05242378768324852,0.22190686712414026,411
8,0.046452458679676054,0.21941261408850551,422
