Epoch,Train Loss,Test Loss,Train Time (s)
1,0.07213665565699338,0.0733322086725384,548
2,0.2339854656741023,0.20184088134765624,525
3,0.23427604675292968,0.20184088134765624,480
4,0.23427604675292968,0.20184088134765624,436
5,0.23427604675292968,0.20184088134765624,425
6,0.23427604675292968,0.20184088134765624,432
