Epoch,Train Loss,Test Loss,Train Time (s)
1,0.08489400730431079,0.0833895054794848,307
2,0.2334826551795006,0.20184088134765624,290
3,0.23397550048828125,0.20184088134765624,275
4,0.23397550048828125,0.20184088134765624,263
5,0.23397550048828125,0.20184088134765624,255
6,0.23397550048828125,0.20184088134765624,272
